<?xml version="1.0" encoding="UTF-8"?>
<gmd:MD_Metadata xmlns:gmd="http://www.isotc211.org/2005/gmd"
                 xmlns:gts="http://www.isotc211.org/2005/gts"
                 xmlns:xsi="http://www.w3.org/2001/XMLSchema-instance"
                 xmlns:gml="http://www.opengis.net/gml"
                 xmlns:gco="http://www.isotc211.org/2005/gco"
                 xmlns:geonet="http://www.fao.org/geonetwork"
                 xsi:schemaLocation="http://www.isotc211.org/2005/gmd http://www.isotc211.org/2005/gmd/gmd.xsd">
  <gmd:fileIdentifier xmlns:srv="http://www.isotc211.org/2005/srv"
                       xmlns:gmx="http://www.isotc211.org/2005/gmx">
      <gco:CharacterString>180d6984-730d-4c81-a175-34df4277d09f</gco:CharacterString>
  </gmd:fileIdentifier>
  <gmd:language>
      <gco:CharacterString>spa</gco:CharacterString>
  </gmd:language>
  <gmd:characterSet>
      <gmd:MD_CharacterSetCode codeListValue="utf8" codeList="./resources/codeList.xml#MD_CharacterSetCode"/>
  </gmd:characterSet>
  <gmd:contact>
      <gmd:CI_ResponsibleParty>
         <gmd:individualName>
            <gco:CharacterString>Ronnie Velasquez Lupa</gco:CharacterString>
         </gmd:individualName>
         <gmd:organisationName>
            <gco:CharacterString>GeoBolivia</gco:CharacterString>
         </gmd:organisationName>
         <gmd:positionName>
            <gco:CharacterString>Técnico GeoBolivia</gco:CharacterString>
         </gmd:positionName>
         <gmd:contactInfo>
            <gmd:CI_Contact>
               <gmd:phone>
                  <gmd:CI_Telephone>
                     <gmd:voice>
                        <gco:CharacterString>591-22142013</gco:CharacterString>
                     </gmd:voice>
                     <gmd:facsimile>
                        <gco:CharacterString>No disponible</gco:CharacterString>
                     </gmd:facsimile>
                  </gmd:CI_Telephone>
               </gmd:phone>
               <gmd:address>
                  <gmd:CI_Address>
                     <gmd:deliveryPoint>
                        <gco:CharacterString>Calle Ayacucho Esquina mercado no 308</gco:CharacterString>
                     </gmd:deliveryPoint>
                     <gmd:city>
                        <gco:CharacterString>La Paz</gco:CharacterString>
                     </gmd:city>
                     <gmd:administrativeArea>
                        <gco:CharacterString>Departamento de La Paz</gco:CharacterString>
                     </gmd:administrativeArea>
                     <gmd:postalCode>
                        <gco:CharacterString>No disponible</gco:CharacterString>
                     </gmd:postalCode>
                     <gmd:country>
                        <gco:CharacterString>Bolivia</gco:CharacterString>
                     </gmd:country>
                     <gmd:electronicMailAddress>
                        <gco:CharacterString>rvelasquez@geo.gob.bo</gco:CharacterString>
                     </gmd:electronicMailAddress>
                  </gmd:CI_Address>
               </gmd:address>
               <gmd:onlineResource>
                  <gmd:CI_OnlineResource>
                     <gmd:linkage>
                        <gmd:URL>http://geo.gob.bo</gmd:URL>
                     </gmd:linkage>
                     <gmd:protocol>
                        <gco:CharacterString>WWW:LINK-1.0-http--link</gco:CharacterString>
                     </gmd:protocol>
                     <gmd:name>
                        <gco:CharacterString>GeoBolivia</gco:CharacterString>
                     </gmd:name>
                     <gmd:description>
                        <gco:CharacterString>Página web de GeoBolivia</gco:CharacterString>
                     </gmd:description>
                  </gmd:CI_OnlineResource>
               </gmd:onlineResource>
            </gmd:CI_Contact>
         </gmd:contactInfo>
         <gmd:role>
            <gmd:CI_RoleCode codeListValue="pointOfContact"
                             codeList="http://www.isotc211.org/2005/resources/codeList.xml#CI_RoleCode"/>
         </gmd:role>
      </gmd:CI_ResponsibleParty>
  </gmd:contact>
  <gmd:dateStamp>
      <gco:DateTime xmlns:srv="http://www.isotc211.org/2005/srv"
                    xmlns:gmx="http://www.isotc211.org/2005/gmx">2012-11-27T09:08:50</gco:DateTime>
  </gmd:dateStamp>
  <gmd:referenceSystemInfo>
      <gmd:MD_ReferenceSystem>
         <gmd:referenceSystemIdentifier>
            <gmd:RS_Identifier>
               <gmd:code>
                  <gco:CharacterString>WGS 84 (EPSG:4326)</gco:CharacterString>
               </gmd:code>
               <gmd:codeSpace>
                  <gco:CharacterString>EPSG</gco:CharacterString>
               </gmd:codeSpace>
               <gmd:version>
                  <gco:CharacterString>7.5.0.1</gco:CharacterString>
               </gmd:version>
            </gmd:RS_Identifier>
         </gmd:referenceSystemIdentifier>
      </gmd:MD_ReferenceSystem>
  </gmd:referenceSystemInfo>
  <gmd:identificationInfo>
      <gmd:MD_DataIdentification>
         <gmd:citation>
            <gmd:CI_Citation>
               <gmd:title>
                  <gco:CharacterString>Localización de presas en macrocuencas de Bolivia 2010</gco:CharacterString>
               </gmd:title>
               <gmd:date>
                  <gmd:CI_Date>
                     <gmd:date>
                        <gco:DateTime>2010-11-01T09:10:00</gco:DateTime>
                     </gmd:date>
                     <gmd:dateType>
                        <gmd:CI_DateTypeCode codeListValue="publication"
                                             codeList="http://www.isotc211.org/2005/resources/codeList.xml#CI_DateTypeCode"/>
                     </gmd:dateType>
                  </gmd:CI_Date>
               </gmd:date>
               <gmd:edition>
                  <gco:CharacterString>1ra edición</gco:CharacterString>
               </gmd:edition>
               <gmd:presentationForm>
                  <gmd:CI_PresentationFormCode codeListValue="mapDigital"
                                               codeList="http://www.isotc211.org/2005/resources/codeList.xml#CI_PresentationFormCode"/>
               </gmd:presentationForm>
            </gmd:CI_Citation>
         </gmd:citation>
         <gmd:abstract>
            <gco:CharacterString>El mapa muestra la distribución y ubicación de presas, barreras fabricadas de piedra u hormigón destinados a embalsar el agua de los principales cauces de  macrocuencas del territorio boliviano, cuya importancia es decisiva en la agricultura bajo riego, servicios de agua potable, generación de energía hidroeléctrica, etc. 
Elaborado por el Viceministerio de recursos hídricos y riego (ARHR) y el Programa de Desarrollo Agropecuario Sustentable (PROAGRO) en el año 2010 a escala 1:250000.</gco:CharacterString>
         </gmd:abstract>
         <gmd:purpose>
            <gco:CharacterString>Conocer la ubicación geográfica de presas de Bolivia, para planificar el uso y aprovechamiento de los recursos hídricos, considerando el acceso al agua como un derecho fundamental.</gco:CharacterString>
         </gmd:purpose>
         <gmd:status>
            <gmd:MD_ProgressCode codeListValue="completed"
                                 codeList="http://www.isotc211.org/2005/resources/codeList.xml#MD_ProgressCode"/>
         </gmd:status>
         <gmd:pointOfContact>
            <gmd:CI_ResponsibleParty>
               <gmd:individualName>
                  <gco:CharacterString>Rosa Ruiz, Homberto Torrez</gco:CharacterString>
               </gmd:individualName>
               <gmd:organisationName>
                  <gco:CharacterString>Viceministerio de Recursos Hidricos y Riego - Programa de Desarrollo Agropecuario Sustentable (PROAGRO)</gco:CharacterString>
               </gmd:organisationName>
               <gmd:positionName>
                  <gco:CharacterString>Sin información</gco:CharacterString>
               </gmd:positionName>
               <gmd:contactInfo>
                  <gmd:CI_Contact>
                     <gmd:phone>
                        <gmd:CI_Telephone>
                           <gmd:voice>
                              <gco:CharacterString>591-22117391</gco:CharacterString>
                           </gmd:voice>
                           <gmd:facsimile>
                              <gco:CharacterString>591-22117391</gco:CharacterString>
                           </gmd:facsimile>
                        </gmd:CI_Telephone>
                     </gmd:phone>
                     <gmd:address>
                        <gmd:CI_Address>
                           <gmd:deliveryPoint>
                              <gco:CharacterString>Capitán Castrillo 402. Edificio Nazareth, 2do piso.</gco:CharacterString>
                           </gmd:deliveryPoint>
                           <gmd:city>
                              <gco:CharacterString>La Paz</gco:CharacterString>
                           </gmd:city>
                           <gmd:administrativeArea>
                              <gco:CharacterString>Departamento de La Paz</gco:CharacterString>
                           </gmd:administrativeArea>
                           <gmd:postalCode>
                              <gco:CharacterString>No disponible</gco:CharacterString>
                           </gmd:postalCode>
                           <gmd:country>
                              <gco:CharacterString>Bolivia</gco:CharacterString>
                           </gmd:country>
                           <gmd:electronicMailAddress>
                              <gco:CharacterString>Sin información</gco:CharacterString>
                           </gmd:electronicMailAddress>
                        </gmd:CI_Address>
                     </gmd:address>
                  </gmd:CI_Contact>
               </gmd:contactInfo>
               <gmd:role>
                  <gmd:CI_RoleCode codeListValue="author"
                                   codeList="http://www.isotc211.org/2005/resources/codeList.xml#CI_RoleCode"/>
               </gmd:role>
            </gmd:CI_ResponsibleParty>
         </gmd:pointOfContact>
         <gmd:pointOfContact>
            <gmd:CI_ResponsibleParty>
               <gmd:individualName>
                  <gco:CharacterString>Equipo PROAGRO</gco:CharacterString>
               </gmd:individualName>
               <gmd:organisationName>
                  <gco:CharacterString>Programa de Desarrollo Agropecuario Sustentable - PROAGRO</gco:CharacterString>
               </gmd:organisationName>
               <gmd:contactInfo>
                  <gmd:CI_Contact>
                     <gmd:phone>
                        <gmd:CI_Telephone>
                           <gmd:voice>
                              <gco:CharacterString>591-4256281</gco:CharacterString>
                           </gmd:voice>
                           <gmd:voice>
                              <gco:CharacterString>591-4256689</gco:CharacterString>
                           </gmd:voice>
                           <gmd:facsimile>
                              <gco:CharacterString>No disponible</gco:CharacterString>
                           </gmd:facsimile>
                        </gmd:CI_Telephone>
                     </gmd:phone>
                     <gmd:address>
                        <gmd:CI_Address>
                           <gmd:deliveryPoint>
                              <gco:CharacterString>Avenida Litoral 0984 Esquina B.Blanco</gco:CharacterString>
                           </gmd:deliveryPoint>
                           <gmd:city>
                              <gco:CharacterString>Cochabamba</gco:CharacterString>
                           </gmd:city>
                           <gmd:administrativeArea>
                              <gco:CharacterString>Departamento de Cochabamba</gco:CharacterString>
                           </gmd:administrativeArea>
                           <gmd:postalCode>
                              <gco:CharacterString>No disponible</gco:CharacterString>
                           </gmd:postalCode>
                           <gmd:country>
                              <gco:CharacterString>Bolivia</gco:CharacterString>
                           </gmd:country>
                           <gmd:electronicMailAddress>
                              <gco:CharacterString>Sin información</gco:CharacterString>
                           </gmd:electronicMailAddress>
                        </gmd:CI_Address>
                     </gmd:address>
                  </gmd:CI_Contact>
               </gmd:contactInfo>
               <gmd:role>
                  <gmd:CI_RoleCode codeList="http://www.isotc211.org/2005/resources/codeList.xml#CI_RoleCode"
                                   codeListValue="author"/>
               </gmd:role>
            </gmd:CI_ResponsibleParty>
         </gmd:pointOfContact>
         <gmd:resourceMaintenance>
            <gmd:MD_MaintenanceInformation>
               <gmd:maintenanceAndUpdateFrequency>
                  <gmd:MD_MaintenanceFrequencyCode codeListValue="unknown"
                                                   codeList="http://www.isotc211.org/2005/resources/codeList.xml#MD_MaintenanceFrequencyCode"/>
               </gmd:maintenanceAndUpdateFrequency>
            </gmd:MD_MaintenanceInformation>
         </gmd:resourceMaintenance>
         <gmd:graphicOverview xmlns:srv="http://www.isotc211.org/2005/srv">
            <gmd:MD_BrowseGraphic>
               <gmd:fileName>
                  <gco:CharacterString>presas_MRHS_s.png</gco:CharacterString>
               </gmd:fileName>
               <gmd:fileDescription>
                  <gco:CharacterString>thumbnail</gco:CharacterString>
               </gmd:fileDescription>
               <gmd:fileType>
                  <gco:CharacterString>png</gco:CharacterString>
               </gmd:fileType>
            </gmd:MD_BrowseGraphic>
         </gmd:graphicOverview>
         <gmd:graphicOverview xmlns:srv="http://www.isotc211.org/2005/srv">
            <gmd:MD_BrowseGraphic>
               <gmd:fileName>
                  <gco:CharacterString>presas_MRHS.png</gco:CharacterString>
               </gmd:fileName>
               <gmd:fileDescription>
                  <gco:CharacterString>large_thumbnail</gco:CharacterString>
               </gmd:fileDescription>
               <gmd:fileType>
                  <gco:CharacterString>png</gco:CharacterString>
               </gmd:fileType>
            </gmd:MD_BrowseGraphic>
         </gmd:graphicOverview>
         <gmd:descriptiveKeywords>
            <gmd:MD_Keywords>
               <gmd:keyword>
                  <gco:CharacterString>Represas</gco:CharacterString>
               </gmd:keyword>
               <gmd:keyword>
                  <gco:CharacterString>Diques</gco:CharacterString>
               </gmd:keyword>
               <gmd:keyword>
                  <gco:CharacterString>Embalses</gco:CharacterString>
               </gmd:keyword>
            </gmd:MD_Keywords>
         </gmd:descriptiveKeywords>
         <gmd:descriptiveKeywords>
            <gmd:MD_Keywords>
               <gmd:keyword>
                  <gco:CharacterString>Servicios de utilidad pública y estatales</gco:CharacterString>
               </gmd:keyword>
               <gmd:keyword>
                  <gco:CharacterString>Recursos hídricos</gco:CharacterString>
               </gmd:keyword>
               <gmd:type>
                  <gmd:MD_KeywordTypeCode codeList="http://www.isotc211.org/2005/resources/codeList.xml#MD_KeywordTypeCode"
                                          codeListValue="theme"/>
               </gmd:type>
               <gmd:thesaurusName>
                  <gmd:CI_Citation>
                     <gmd:title>
                        <gco:CharacterString>Geobolivia</gco:CharacterString>
                     </gmd:title>
                     <gmd:date gco:nilReason="unknown"/>
                  </gmd:CI_Citation>
               </gmd:thesaurusName>
            </gmd:MD_Keywords>
         </gmd:descriptiveKeywords>
         <gmd:descriptiveKeywords>
            <gmd:MD_Keywords>
               <gmd:keyword>
                  <gco:CharacterString>Bolivia</gco:CharacterString>
               </gmd:keyword>
               <gmd:type>
                  <gmd:MD_KeywordTypeCode codeListValue="place"
                                          codeList="http://www.isotc211.org/2005/resources/codeList.xml#MD_KeywordTypeCode"/>
               </gmd:type>
            </gmd:MD_Keywords>
         </gmd:descriptiveKeywords>
         <gmd:resourceConstraints>
            <gmd:MD_LegalConstraints>
               <gmd:accessConstraints>
                  <gmd:MD_RestrictionCode codeListValue="otherRestrictions"
                                          codeList="http://www.isotc211.org/2005/resources/codeList.xml#MD_RestrictionCode"/>
               </gmd:accessConstraints>
               <gmd:useConstraints>
                  <gmd:MD_RestrictionCode codeListValue="otherRestrictions"
                                          codeList="http://www.isotc211.org/2005/resources/codeList.xml#MD_RestrictionCode"/>
               </gmd:useConstraints>
               <gmd:otherConstraints>
                  <gco:CharacterString>Permitida la reproduccion total o parcial</gco:CharacterString>
               </gmd:otherConstraints>
            </gmd:MD_LegalConstraints>
         </gmd:resourceConstraints>
         <gmd:spatialRepresentationType>
            <gmd:MD_SpatialRepresentationTypeCode codeListValue="vector"
                                                  codeList="http://www.isotc211.org/2005/resources/codeList.xml#MD_SpatialRepresentationTypeCode"/>
         </gmd:spatialRepresentationType>
         <gmd:spatialResolution>
            <gmd:MD_Resolution>
               <gmd:equivalentScale>
                  <gmd:MD_RepresentativeFraction>
                     <gmd:denominator>
                        <gco:Integer>250000</gco:Integer>
                     </gmd:denominator>
                  </gmd:MD_RepresentativeFraction>
               </gmd:equivalentScale>
            </gmd:MD_Resolution>
         </gmd:spatialResolution>
         <gmd:language>
            <gco:CharacterString>spa</gco:CharacterString>
         </gmd:language>
         <gmd:characterSet>
            <gmd:MD_CharacterSetCode codeListValue="utf8"
                                     codeList="http://www.isotc211.org/2005/resources/codeList.xml#MD_CharacterSetCode"/>
         </gmd:characterSet>
         <gmd:extent>
            <gmd:EX_Extent>
               <gmd:temporalElement>
                  <gmd:EX_TemporalExtent>
                     <gmd:extent>
                        <gml:TimePeriod gml:id="d13532e264a1052958">
                           <gml:beginPosition/>
                           <gml:endPosition>2010-11-01T20:38:00</gml:endPosition>
                        </gml:TimePeriod>
                     </gmd:extent>
                  </gmd:EX_TemporalExtent>
               </gmd:temporalElement>
            </gmd:EX_Extent>
         </gmd:extent>
         <gmd:extent>
            <gmd:EX_Extent>
               <gmd:geographicElement>
                  <gmd:EX_GeographicBoundingBox>
                     <gmd:westBoundLongitude>
                        <gco:Decimal>-70.45757668098521</gco:Decimal>
                     </gmd:westBoundLongitude>
                     <gmd:eastBoundLongitude>
                        <gco:Decimal>-57.06831936739479</gco:Decimal>
                     </gmd:eastBoundLongitude>
                     <gmd:southBoundLatitude>
                        <gco:Decimal>-23.493082219882815</gco:Decimal>
                     </gmd:southBoundLatitude>
                     <gmd:northBoundLatitude>
                        <gco:Decimal>-9.558181003046576</gco:Decimal>
                     </gmd:northBoundLatitude>
                  </gmd:EX_GeographicBoundingBox>
               </gmd:geographicElement>
            </gmd:EX_Extent>
         </gmd:extent>
         <gmd:supplementalInformation>
            <gco:CharacterString>Ninguna</gco:CharacterString>
         </gmd:supplementalInformation>
      </gmd:MD_DataIdentification>
  </gmd:identificationInfo>
  <gmd:distributionInfo>
      <gmd:MD_Distribution>
         <gmd:distributionFormat>
            <gmd:MD_Format>
               <gmd:name>
                  <gco:CharacterString>Shapefile</gco:CharacterString>
               </gmd:name>
               <gmd:version>
                  <gco:CharacterString>2010</gco:CharacterString>
               </gmd:version>
            </gmd:MD_Format>
         </gmd:distributionFormat>
         <gmd:transferOptions>
            <gmd:MD_DigitalTransferOptions>
               <gmd:onLine>
                  <gmd:CI_OnlineResource>
                     <gmd:linkage>
                        <gmd:URL>http://www.riegobolivia.org</gmd:URL>
                     </gmd:linkage>
                     <gmd:protocol>
                        <gco:CharacterString>WWW:LINK-1.0-http--link</gco:CharacterString>
                     </gmd:protocol>
                     <gmd:name>
                        <gco:CharacterString>Página del Viceministerio de recursos hídricos y riego</gco:CharacterString>
                     </gmd:name>
                  </gmd:CI_OnlineResource>
               </gmd:onLine>
               <gmd:onLine>
                  <gmd:CI_OnlineResource>
                     <gmd:linkage xmlns:srv="http://www.isotc211.org/2005/srv"
                                  xmlns:gmx="http://www.isotc211.org/2005/gmx">
                        <gmd:URL>http://geo.gob.bo/geonetwork/srv/es/resources.get?id=152&amp;fname=&amp;access=private</gmd:URL>
                     </gmd:linkage>
                     <gmd:protocol>
                        <gco:CharacterString>WWW:DOWNLOAD-1.0-http--download</gco:CharacterString>
                     </gmd:protocol>
                     <gmd:name xmlns:srv="http://www.isotc211.org/2005/srv"
                               xmlns:gmx="http://www.isotc211.org/2005/gmx">
                        <gmx:MimeFileType type=""/>
                     </gmd:name>
                     <gmd:description>
                        <gco:CharacterString/>
                     </gmd:description>
                  </gmd:CI_OnlineResource>
               </gmd:onLine>
               <gmd:onLine>
                  <gmd:CI_OnlineResource>
                     <gmd:linkage>
                        <gmd:URL>http://geo.gob.bo/geoserver/wms</gmd:URL>
                     </gmd:linkage>
                     <gmd:protocol>
                        <gco:CharacterString>OGC:WMS-1.1.1-http-get-map</gco:CharacterString>
                     </gmd:protocol>
                     <gmd:name>
                        <gco:CharacterString>mdmaya:Presas2010</gco:CharacterString>
                     </gmd:name>
                     <gmd:description>
                        <gco:CharacterString>Acceso al servicio de mapas (WMS)</gco:CharacterString>
                     </gmd:description>
                  </gmd:CI_OnlineResource>
               </gmd:onLine>
            </gmd:MD_DigitalTransferOptions>
         </gmd:transferOptions>
      </gmd:MD_Distribution>
  </gmd:distributionInfo>
</gmd:MD_Metadata>